industry,period,amount
All industry total,2005:Q1,12736291
  Private industries,2005:Q1,11108702
"      Agriculture, forestry, fishing, and hunting",2005:Q1,129116
"      Mining, quarrying, and oil and gas extraction",2005:Q1,197570
      Utilities,2005:Q1,195184
      Construction,2005:Q1,631084
      Manufacturing,2005:Q1,1681311
          Durable goods manufacturing,2005:Q1,947377
          Nondurable goods manufacturing,2005:Q1,733934
      Wholesale trade,2005:Q1,747324
      Retail trade,2005:Q1,831978
      Transportation and warehousing,2005:Q1,357536
      Information,2005:Q1,639735
      Finance and insurance,2005:Q1,954946
      Real estate and rental and leasing,2005:Q1,1622049
"      Professional, scientific, and technical services",2005:Q1,826866
      Management of companies and enterprises,2005:Q1,213683
      Administrative and support and waste management and remediation services,2005:Q1,370319
      Educational services,2005:Q1,118840
      Health care and social assistance,2005:Q1,812908
"      Arts, entertainment, and recreation",2005:Q1,118807
      Accommodation and food services,2005:Q1,352691
      Other services (except government and government enterprises),2005:Q1,306755
  Government and government enterprises,2005:Q1,1627589
All industry total,2005:Q2,12896006
  Private industries,2005:Q2,11255828
"      Agriculture, forestry, fishing, and hunting",2005:Q2,129700
"      Mining, quarrying, and oil and gas extraction",2005:Q2,211438
      Utilities,2005:Q2,192996
      Construction,2005:Q2,646391
      Manufacturing,2005:Q2,1679406
          Durable goods manufacturing,2005:Q2,950023
          Nondurable goods manufacturing,2005:Q2,729383
      Wholesale trade,2005:Q2,750357
      Retail trade,2005:Q2,842320
      Transportation and warehousing,2005:Q2,368204
      Information,2005:Q2,650115
      Finance and insurance,2005:Q2,979744
      Real estate and rental and leasing,2005:Q2,1644481
"      Professional, scientific, and technical services",2005:Q2,834990
      Management of companies and enterprises,2005:Q2,216267
      Administrative and support and waste management and remediation services,2005:Q2,379133
      Educational services,2005:Q2,120306
      Health care and social assistance,2005:Q2,822367
"      Arts, entertainment, and recreation",2005:Q2,121322
      Accommodation and food services,2005:Q2,356527
      Other services (except government and government enterprises),2005:Q2,309764
  Government and government enterprises,2005:Q2,1640178
All industry total,2005:Q3,13126480
  Private industries,2005:Q3,11469681
"      Agriculture, forestry, fishing, and hunting",2005:Q3,129232
"      Mining, quarrying, and oil and gas extraction",2005:Q3,233826
      Utilities,2005:Q3,203485
      Construction,2005:Q3,665914
      Manufacturing,2005:Q3,1715191
          Durable goods manufacturing,2005:Q3,963696
          Nondurable goods manufacturing,2005:Q3,751495
      Wholesale trade,2005:Q3,763889
      Retail trade,2005:Q3,855415
      Transportation and warehousing,2005:Q3,381907
      Information,2005:Q3,638836
      Finance and insurance,2005:Q3,1007397
      Real estate and rental and leasing,2005:Q3,1663365
"      Professional, scientific, and technical services",2005:Q3,848146
      Management of companies and enterprises,2005:Q3,222485
      Administrative and support and waste management and remediation services,2005:Q3,383980
      Educational services,2005:Q3,121946
      Health care and social assistance,2005:Q3,835349
"      Arts, entertainment, and recreation",2005:Q3,123884
      Accommodation and food services,2005:Q3,361695
      Other services (except government and government enterprises),2005:Q3,313738
  Government and government enterprises,2005:Q3,1656799
All industry total,2005:Q4,13301844
  Private industries,2005:Q4,11630952
"      Agriculture, forestry, fishing, and hunting",2005:Q4,126234
"      Mining, quarrying, and oil and gas extraction",2005:Q4,263751
      Utilities,2005:Q4,213742
      Construction,2005:Q4,673029
      Manufacturing,2005:Q4,1740784
          Durable goods manufacturing,2005:Q4,976795
          Nondurable goods manufacturing,2005:Q4,763989
      Wholesale trade,2005:Q4,775905
      Retail trade,2005:Q4,865356
      Transportation and warehousing,2005:Q4,392827
      Information,2005:Q4,637523
      Finance and insurance,2005:Q4,1025289
      Real estate and rental and leasing,2005:Q4,1666954
"      Professional, scientific, and technical services",2005:Q4,861270
      Management of companies and enterprises,2005:Q4,224944
      Administrative and support and waste management and remediation services,2005:Q4,388762
      Educational services,2005:Q4,122907
      Health care and social assistance,2005:Q4,844894
"      Arts, entertainment, and recreation",2005:Q4,125032
      Accommodation and food services,2005:Q4,365124
      Other services (except government and government enterprises),2005:Q4,316625
  Government and government enterprises,2005:Q4,1670892
All industry total,2006:Q1,13567564
  Private industries,2006:Q1,11867770
"      Agriculture, forestry, fishing, and hunting",2006:Q1,123268
"      Mining, quarrying, and oil and gas extraction",2006:Q1,268233
      Utilities,2006:Q1,223399
      Construction,2006:Q1,700067
      Manufacturing,2006:Q1,1789106
          Durable goods manufacturing,2006:Q1,1005485
          Nondurable goods manufacturing,2006:Q1,783622
      Wholesale trade,2006:Q1,796904
      Retail trade,2006:Q1,875568
      Transportation and warehousing,2006:Q1,399429
      Information,2006:Q1,630680
      Finance and insurance,2006:Q1,1046555
      Real estate and rental and leasing,2006:Q1,1676171
"      Professional, scientific, and technical services",2006:Q1,889036
      Management of companies and enterprises,2006:Q1,233332
      Administrative and support and waste management and remediation services,2006:Q1,395786
      Educational services,2006:Q1,127202
      Health care and social assistance,2006:Q1,867698
"      Arts, entertainment, and recreation",2006:Q1,128442
      Accommodation and food services,2006:Q1,375212
      Other services (except government and government enterprises),2006:Q1,321680
  Government and government enterprises,2006:Q1,1699795
All industry total,2006:Q2,13717577
  Private industries,2006:Q2,12000493
"      Agriculture, forestry, fishing, and hunting",2006:Q2,126870
"      Mining, quarrying, and oil and gas extraction",2006:Q2,273125
      Utilities,2006:Q2,229910
      Construction,2006:Q2,700263
      Manufacturing,2006:Q2,1809013
          Durable goods manufacturing,2006:Q2,1005478
          Nondurable goods manufacturing,2006:Q2,803536
      Wholesale trade,2006:Q2,811877
      Retail trade,2006:Q2,878114
      Transportation and warehousing,2006:Q2,407035
      Information,2006:Q2,649429
      Finance and insurance,2006:Q2,1040676
      Real estate and rental and leasing,2006:Q2,1699742
"      Professional, scientific, and technical services",2006:Q2,896638
      Management of companies and enterprises,2006:Q2,237736
      Administrative and support and waste management and remediation services,2006:Q2,396374
      Educational services,2006:Q2,129158
      Health care and social assistance,2006:Q2,880325
"      Arts, entertainment, and recreation",2006:Q2,129923
      Accommodation and food services,2006:Q2,378396
      Other services (except government and government enterprises),2006:Q2,325890
  Government and government enterprises,2006:Q2,1717084
All industry total,2006:Q3,13825350
  Private industries,2006:Q3,12088128
"      Agriculture, forestry, fishing, and hunting",2006:Q3,130169
"      Mining, quarrying, and oil and gas extraction",2006:Q3,277486
      Utilities,2006:Q3,235233
      Construction,2006:Q3,693016
      Manufacturing,2006:Q3,1805602
          Durable goods manufacturing,2006:Q3,995580
          Nondurable goods manufacturing,2006:Q3,810022
      Wholesale trade,2006:Q3,822404
      Retail trade,2006:Q3,879677
      Transportation and warehousing,2006:Q3,409404
      Information,2006:Q3,662111
      Finance and insurance,2006:Q3,1045043
      Real estate and rental and leasing,2006:Q3,1732717
"      Professional, scientific, and technical services",2006:Q3,905693
      Management of companies and enterprises,2006:Q3,238102
      Administrative and support and waste management and remediation services,2006:Q3,398518
      Educational services,2006:Q3,130722
      Health care and social assistance,2006:Q3,885894
"      Arts, entertainment, and recreation",2006:Q3,129950
      Accommodation and food services,2006:Q3,379857
      Other services (except government and government enterprises),2006:Q3,326529
  Government and government enterprises,2006:Q3,1737222
All industry total,2006:Q4,13982428
  Private industries,2006:Q4,12225409
"      Agriculture, forestry, fishing, and hunting",2006:Q4,133078
"      Mining, quarrying, and oil and gas extraction",2006:Q4,274778
      Utilities,2006:Q4,231450
      Construction,2006:Q4,699567
      Manufacturing,2006:Q4,1813164
          Durable goods manufacturing,2006:Q4,1014894
          Nondurable goods manufacturing,2006:Q4,798270
      Wholesale trade,2006:Q4,831515
      Retail trade,2006:Q4,878897
      Transportation and warehousing,2006:Q4,414522
      Information,2006:Q4,653848
      Finance and insurance,2006:Q4,1063079
      Real estate and rental and leasing,2006:Q4,1778857
"      Professional, scientific, and technical services",2006:Q4,923571
      Management of companies and enterprises,2006:Q4,244795
      Administrative and support and waste management and remediation services,2006:Q4,406760
      Educational services,2006:Q4,132557
      Health care and social assistance,2006:Q4,898090
"      Arts, entertainment, and recreation",2006:Q4,132801
      Accommodation and food services,2006:Q4,385316
      Other services (except government and government enterprises),2006:Q4,328765
  Government and government enterprises,2006:Q4,1757019
All industry total,2007:Q1,14147927
  Private industries,2007:Q1,12356901
"      Agriculture, forestry, fishing, and hunting",2007:Q1,140721
"      Mining, quarrying, and oil and gas extraction",2007:Q1,280897
      Utilities,2007:Q1,232162
      Construction,2007:Q1,713733
      Manufacturing,2007:Q1,1805377
          Durable goods manufacturing,2007:Q1,1010215
          Nondurable goods manufacturing,2007:Q1,795162
      Wholesale trade,2007:Q1,850442
      Retail trade,2007:Q1,876085
      Transportation and warehousing,2007:Q1,403630
      Information,2007:Q1,669021
      Finance and insurance,2007:Q1,1082867
      Real estate and rental and leasing,2007:Q1,1797317
"      Professional, scientific, and technical services",2007:Q1,935092
      Management of companies and enterprises,2007:Q1,257207
      Administrative and support and waste management and remediation services,2007:Q1,414924
      Educational services,2007:Q1,135539
      Health care and social assistance,2007:Q1,905736
"      Arts, entertainment, and recreation",2007:Q1,135701
      Accommodation and food services,2007:Q1,389988
      Other services (except government and government enterprises),2007:Q1,330463
  Government and government enterprises,2007:Q1,1791026
All industry total,2007:Q2,14336405
  Private industries,2007:Q2,12528769
"      Agriculture, forestry, fishing, and hunting",2007:Q2,136678
"      Mining, quarrying, and oil and gas extraction",2007:Q2,313939
      Utilities,2007:Q2,237026
      Construction,2007:Q2,721586
      Manufacturing,2007:Q2,1863936
          Durable goods manufacturing,2007:Q2,1029966
          Nondurable goods manufacturing,2007:Q2,833969
      Wholesale trade,2007:Q2,861228
      Retail trade,2007:Q2,878845
      Transportation and warehousing,2007:Q2,411137
      Information,2007:Q2,691917
      Finance and insurance,2007:Q2,1055692
      Real estate and rental and leasing,2007:Q2,1812910
"      Professional, scientific, and technical services",2007:Q2,947320
      Management of companies and enterprises,2007:Q2,257875
      Administrative and support and waste management and remediation services,2007:Q2,425450
      Educational services,2007:Q2,137107
      Health care and social assistance,2007:Q2,917121
"      Arts, entertainment, and recreation",2007:Q2,136772
      Accommodation and food services,2007:Q2,392238
      Other services (except government and government enterprises),2007:Q2,329991
  Government and government enterprises,2007:Q2,1807636
All industry total,2007:Q3,14482806
  Private industries,2007:Q3,12654383
"      Agriculture, forestry, fishing, and hunting",2007:Q3,139014
"      Mining, quarrying, and oil and gas extraction",2007:Q3,319191
      Utilities,2007:Q3,239202
      Construction,2007:Q3,719546
      Manufacturing,2007:Q3,1872052
          Durable goods manufacturing,2007:Q3,1046724
          Nondurable goods manufacturing,2007:Q3,825328
      Wholesale trade,2007:Q3,862451
      Retail trade,2007:Q3,878827
      Transportation and warehousing,2007:Q3,407139
      Information,2007:Q3,716902
      Finance and insurance,2007:Q3,1037394
      Real estate and rental and leasing,2007:Q3,1848807
"      Professional, scientific, and technical services",2007:Q3,978901
      Management of companies and enterprises,2007:Q3,260362
      Administrative and support and waste management and remediation services,2007:Q3,436548
      Educational services,2007:Q3,139533
      Health care and social assistance,2007:Q3,932288
"      Arts, entertainment, and recreation",2007:Q3,138742
      Accommodation and food services,2007:Q3,396175
      Other services (except government and government enterprises),2007:Q3,331311
  Government and government enterprises,2007:Q3,1828423
All industry total,2007:Q4,14597471
  Private industries,2007:Q4,12749510
"      Agriculture, forestry, fishing, and hunting",2007:Q4,151584
"      Mining, quarrying, and oil and gas extraction",2007:Q4,342046
      Utilities,2007:Q4,231907
      Construction,2007:Q4,705088
      Manufacturing,2007:Q4,1875956
          Durable goods manufacturing,2007:Q4,1033235
          Nondurable goods manufacturing,2007:Q4,842721
      Wholesale trade,2007:Q4,869251
      Retail trade,2007:Q4,876668
      Transportation and warehousing,2007:Q4,416483
      Information,2007:Q4,731710
      Finance and insurance,2007:Q4,986133
      Real estate and rental and leasing,2007:Q4,1887310
"      Professional, scientific, and technical services",2007:Q4,1007955
      Management of companies and enterprises,2007:Q4,262711
      Administrative and support and waste management and remediation services,2007:Q4,444529
      Educational services,2007:Q4,142500
      Health care and social assistance,2007:Q4,948531
"      Arts, entertainment, and recreation",2007:Q4,139338
      Accommodation and food services,2007:Q4,399468
      Other services (except government and government enterprises),2007:Q4,330343
  Government and government enterprises,2007:Q4,1847961
All industry total,2008:Q1,14578856
  Private industries,2008:Q1,12698222
"      Agriculture, forestry, fishing, and hunting",2008:Q1,165140
"      Mining, quarrying, and oil and gas extraction",2008:Q1,362944
      Utilities,2008:Q1,222079
      Construction,2008:Q1,670524
      Manufacturing,2008:Q1,1814539
          Durable goods manufacturing,2008:Q1,1009200
          Nondurable goods manufacturing,2008:Q1,805339
      Wholesale trade,2008:Q1,870558
      Retail trade,2008:Q1,850766
      Transportation and warehousing,2008:Q1,412956
      Information,2008:Q1,726089
      Finance and insurance,2008:Q1,1010799
      Real estate and rental and leasing,2008:Q1,1886395
"      Professional, scientific, and technical services",2008:Q1,1028878
      Management of companies and enterprises,2008:Q1,259054
      Administrative and support and waste management and remediation services,2008:Q1,438943
      Educational services,2008:Q1,144860
      Health care and social assistance,2008:Q1,970416
"      Arts, entertainment, and recreation",2008:Q1,138821
      Accommodation and food services,2008:Q1,395246
      Other services (except government and government enterprises),2008:Q1,329213
  Government and government enterprises,2008:Q1,1880634
All industry total,2008:Q2,14722003
  Private industries,2008:Q2,12822436
"      Agriculture, forestry, fishing, and hunting",2008:Q2,158589
"      Mining, quarrying, and oil and gas extraction",2008:Q2,436859
      Utilities,2008:Q2,237402
      Construction,2008:Q2,655685
      Manufacturing,2008:Q2,1832477
          Durable goods manufacturing,2008:Q2,1006384
          Nondurable goods manufacturing,2008:Q2,826092
      Wholesale trade,2008:Q2,882389
      Retail trade,2008:Q2,858541
      Transportation and warehousing,2008:Q2,418382
      Information,2008:Q2,743977
      Finance and insurance,2008:Q2,953139
      Real estate and rental and leasing,2008:Q2,1895531
"      Professional, scientific, and technical services",2008:Q2,1052258
      Management of companies and enterprises,2008:Q2,260899
      Administrative and support and waste management and remediation services,2008:Q2,438858
      Educational services,2008:Q2,147262
      Health care and social assistance,2008:Q2,985766
"      Arts, entertainment, and recreation",2008:Q2,139492
      Accommodation and food services,2008:Q2,395747
      Other services (except government and government enterprises),2008:Q2,329184
  Government and government enterprises,2008:Q2,1899566
All industry total,2008:Q3,14750202
  Private industries,2008:Q3,12827860
"      Agriculture, forestry, fishing, and hunting",2008:Q3,149507
"      Mining, quarrying, and oil and gas extraction",2008:Q3,443445
      Utilities,2008:Q3,246426
      Construction,2008:Q3,645325
      Manufacturing,2008:Q3,1844838
          Durable goods manufacturing,2008:Q3,998652
          Nondurable goods manufacturing,2008:Q3,846186
      Wholesale trade,2008:Q3,886991
      Retail trade,2008:Q3,863663
      Transportation and warehousing,2008:Q3,423715
      Information,2008:Q3,743838
      Finance and insurance,2008:Q3,889702
      Real estate and rental and leasing,2008:Q3,1897310
"      Professional, scientific, and technical services",2008:Q3,1068651
      Management of companies and enterprises,2008:Q3,263623
      Administrative and support and waste management and remediation services,2008:Q3,439124
      Educational services,2008:Q3,151091
      Health care and social assistance,2008:Q3,1003111
"      Arts, entertainment, and recreation",2008:Q3,140126
      Accommodation and food services,2008:Q3,396533
      Other services (except government and government enterprises),2008:Q3,330839
  Government and government enterprises,2008:Q3,1922342
All industry total,2008:Q4,14455348
  Private industries,2008:Q4,12516212
"      Agriculture, forestry, fishing, and hunting",2008:Q4,144863
"      Mining, quarrying, and oil and gas extraction",2008:Q4,362581
      Utilities,2008:Q4,244150
      Construction,2008:Q4,640402
      Manufacturing,2008:Q4,1764627
          Durable goods manufacturing,2008:Q4,963540
          Nondurable goods manufacturing,2008:Q4,801087
      Wholesale trade,2008:Q4,871316
      Retail trade,2008:Q4,851473
      Transportation and warehousing,2008:Q4,434353
      Information,2008:Q4,708030
      Finance and insurance,2008:Q4,775263
      Real estate and rental and leasing,2008:Q4,1909933
"      Professional, scientific, and technical services",2008:Q4,1063558
      Management of companies and enterprises,2008:Q4,262489
      Administrative and support and waste management and remediation services,2008:Q4,436020
      Educational services,2008:Q4,153928
      Health care and social assistance,2008:Q4,1024799
"      Arts, entertainment, and recreation",2008:Q4,142095
      Accommodation and food services,2008:Q4,392194
      Other services (except government and government enterprises),2008:Q4,334137
  Government and government enterprises,2008:Q4,1939136
All industry total,2009:Q1,14287426
  Private industries,2009:Q1,12337256
"      Agriculture, forestry, fishing, and hunting",2009:Q1,130316
"      Mining, quarrying, and oil and gas extraction",2009:Q1,301473
      Utilities,2009:Q1,256532
      Construction,2009:Q1,606301
      Manufacturing,2009:Q1,1711022
          Durable goods manufacturing,2009:Q1,891668
          Nondurable goods manufacturing,2009:Q1,819354
      Wholesale trade,2009:Q1,828839
      Retail trade,2009:Q1,837118
      Transportation and warehousing,2009:Q1,405638
      Information,2009:Q1,703105
      Finance and insurance,2009:Q1,909720
      Real estate and rental and leasing,2009:Q1,1914623
"      Professional, scientific, and technical services",2009:Q1,1024989
      Management of companies and enterprises,2009:Q1,239603
      Administrative and support and waste management and remediation services,2009:Q1,418504
      Educational services,2009:Q1,161084
      Health care and social assistance,2009:Q1,1035587
"      Arts, entertainment, and recreation",2009:Q1,139247
      Accommodation and food services,2009:Q1,383197
      Other services (except government and government enterprises),2009:Q1,330356
  Government and government enterprises,2009:Q1,1950170
All industry total,2009:Q2,14242156
  Private industries,2009:Q2,12277731
"      Agriculture, forestry, fishing, and hunting",2009:Q2,132240
"      Mining, quarrying, and oil and gas extraction",2009:Q2,275880
      Utilities,2009:Q2,246350
      Construction,2009:Q2,580832
      Manufacturing,2009:Q2,1699522
          Durable goods manufacturing,2009:Q2,861673
          Nondurable goods manufacturing,2009:Q2,837848
      Wholesale trade,2009:Q2,811806
      Retail trade,2009:Q2,837674
      Transportation and warehousing,2009:Q2,393143
      Information,2009:Q2,699738
      Finance and insurance,2009:Q2,980602
      Real estate and rental and leasing,2009:Q2,1902377
"      Professional, scientific, and technical services",2009:Q2,999642
      Management of companies and enterprises,2009:Q2,245488
      Administrative and support and waste management and remediation services,2009:Q2,411009
      Educational services,2009:Q2,162598
      Health care and social assistance,2009:Q2,1048725
"      Arts, entertainment, and recreation",2009:Q2,137912
      Accommodation and food services,2009:Q2,382516
      Other services (except government and government enterprises),2009:Q2,329678
  Government and government enterprises,2009:Q2,1964425
All industry total,2009:Q3,14284750
  Private industries,2009:Q3,12312673
"      Agriculture, forestry, fishing, and hunting",2009:Q3,137955
"      Mining, quarrying, and oil and gas extraction",2009:Q3,280006
      Utilities,2009:Q3,243881
      Construction,2009:Q3,570516
      Manufacturing,2009:Q3,1724641
          Durable goods manufacturing,2009:Q3,858853
          Nondurable goods manufacturing,2009:Q3,865788
      Wholesale trade,2009:Q3,814003
      Retail trade,2009:Q3,836315
      Transportation and warehousing,2009:Q3,393380
      Information,2009:Q3,698646
      Finance and insurance,2009:Q3,990228
      Real estate and rental and leasing,2009:Q3,1903757
"      Professional, scientific, and technical services",2009:Q3,991014
      Management of companies and enterprises,2009:Q3,250776
      Administrative and support and waste management and remediation services,2009:Q3,409015
      Educational services,2009:Q3,163422
      Health care and social assistance,2009:Q3,1053877
"      Arts, entertainment, and recreation",2009:Q3,139272
      Accommodation and food services,2009:Q3,383593
      Other services (except government and government enterprises),2009:Q3,328376
  Government and government enterprises,2009:Q3,1972077
All industry total,2009:Q4,14466139
  Private industries,2009:Q4,12484269
"      Agriculture, forestry, fishing, and hunting",2009:Q4,150120
"      Mining, quarrying, and oil and gas extraction",2009:Q4,304035
      Utilities,2009:Q4,256378
      Construction,2009:Q4,551533
      Manufacturing,2009:Q4,1771665
          Durable goods manufacturing,2009:Q4,884900
          Nondurable goods manufacturing,2009:Q4,886765
      Wholesale trade,2009:Q4,836734
      Retail trade,2009:Q4,857429
      Transportation and warehousing,2009:Q4,403212
      Information,2009:Q4,719898
      Finance and insurance,2009:Q4,996468
      Real estate and rental and leasing,2009:Q4,1898354
"      Professional, scientific, and technical services",2009:Q4,985804
      Management of companies and enterprises,2009:Q4,252676
      Administrative and support and waste management and remediation services,2009:Q4,416015
      Educational services,2009:Q4,164859
      Health care and social assistance,2009:Q4,1065980
"      Arts, entertainment, and recreation",2009:Q4,138939
      Accommodation and food services,2009:Q4,384541
      Other services (except government and government enterprises),2009:Q4,329630
  Government and government enterprises,2009:Q4,1981870
All industry total,2010:Q1,14579073
  Private industries,2010:Q1,12568053
"      Agriculture, forestry, fishing, and hunting",2010:Q1,149339
"      Mining, quarrying, and oil and gas extraction",2010:Q1,329579
      Utilities,2010:Q1,267397
      Construction,2010:Q1,533281
      Manufacturing,2010:Q1,1784261
          Durable goods manufacturing,2010:Q1,903027
          Nondurable goods manufacturing,2010:Q1,881233
      Wholesale trade,2010:Q1,844443
      Retail trade,2010:Q1,854620
      Transportation and warehousing,2010:Q1,407084
      Information,2010:Q1,714729
      Finance and insurance,2010:Q1,995725
      Real estate and rental and leasing,2010:Q1,1919287
"      Professional, scientific, and technical services",2010:Q1,997818
      Management of companies and enterprises,2010:Q1,260127
      Administrative and support and waste management and remediation services,2010:Q1,427188
      Educational services,2010:Q1,166823
      Health care and social assistance,2010:Q1,1061161
"      Arts, entertainment, and recreation",2010:Q1,141274
      Accommodation and food services,2010:Q1,387320
      Other services (except government and government enterprises),2010:Q1,326597
  Government and government enterprises,2010:Q1,2011021
All industry total,2010:Q2,14784619
  Private industries,2010:Q2,12747020
"      Agriculture, forestry, fishing, and hunting",2010:Q2,156327
"      Mining, quarrying, and oil and gas extraction",2010:Q2,319478
      Utilities,2010:Q2,263210
      Construction,2010:Q2,543343
      Manufacturing,2010:Q2,1814188
          Durable goods manufacturing,2010:Q2,947319
          Nondurable goods manufacturing,2010:Q2,866869
      Wholesale trade,2010:Q2,861545
      Retail trade,2010:Q2,871669
      Transportation and warehousing,2010:Q2,420505
      Information,2010:Q2,721804
      Finance and insurance,2010:Q2,1008039
      Real estate and rental and leasing,2010:Q2,1942603
"      Professional, scientific, and technical services",2010:Q2,1010866
      Management of companies and enterprises,2010:Q2,264259
      Administrative and support and waste management and remediation services,2010:Q2,436229
      Educational services,2010:Q2,168824
      Health care and social assistance,2010:Q2,1074584
"      Arts, entertainment, and recreation",2010:Q2,144058
      Accommodation and food services,2010:Q2,394603
      Other services (except government and government enterprises),2010:Q2,330885
  Government and government enterprises,2010:Q2,2037599
All industry total,2010:Q3,14952355
  Private industries,2010:Q3,12911587
"      Agriculture, forestry, fishing, and hunting",2010:Q3,164048
"      Mining, quarrying, and oil and gas extraction",2010:Q3,326551
      Utilities,2010:Q3,267778
      Construction,2010:Q3,544791
      Manufacturing,2010:Q3,1848289
          Durable goods manufacturing,2010:Q3,980683
          Nondurable goods manufacturing,2010:Q3,867606
      Wholesale trade,2010:Q3,884318
      Retail trade,2010:Q3,871774
      Transportation and warehousing,2010:Q3,433419
      Information,2010:Q3,742477
      Finance and insurance,2010:Q3,996196
      Real estate and rental and leasing,2010:Q3,1947982
"      Professional, scientific, and technical services",2010:Q3,1032424
      Management of companies and enterprises,2010:Q3,269780
      Administrative and support and waste management and remediation services,2010:Q3,443994
      Educational services,2010:Q3,170341
      Health care and social assistance,2010:Q3,1087099
"      Arts, entertainment, and recreation",2010:Q3,145098
      Accommodation and food services,2010:Q3,399866
      Other services (except government and government enterprises),2010:Q3,335361
  Government and government enterprises,2010:Q3,2040768
All industry total,2010:Q4,15123078
  Private industries,2010:Q4,13079407
"      Agriculture, forestry, fishing, and hunting",2010:Q4,171151
"      Mining, quarrying, and oil and gas extraction",2010:Q4,351274
      Utilities,2010:Q4,269561
      Construction,2010:Q4,545053
      Manufacturing,2010:Q4,1875602
          Durable goods manufacturing,2010:Q4,995353
          Nondurable goods manufacturing,2010:Q4,880250
      Wholesale trade,2010:Q4,883571
      Retail trade,2010:Q4,877135
      Transportation and warehousing,2010:Q4,439517
      Information,2010:Q4,741707
      Finance and insurance,2010:Q4,1023366
      Real estate and rental and leasing,2010:Q4,1973012
"      Professional, scientific, and technical services",2010:Q4,1046937
      Management of companies and enterprises,2010:Q4,278655
      Administrative and support and waste management and remediation services,2010:Q4,450621
      Educational services,2010:Q4,171097
      Health care and social assistance,2010:Q4,1093909
"      Arts, entertainment, and recreation",2010:Q4,147353
      Accommodation and food services,2010:Q4,403110
      Other services (except government and government enterprises),2010:Q4,336778
  Government and government enterprises,2010:Q4,2043671
All industry total,2011:Q1,15128719
  Private industries,2011:Q1,13080044
"      Agriculture, forestry, fishing, and hunting",2011:Q1,197945
"      Mining, quarrying, and oil and gas extraction",2011:Q1,368143
      Utilities,2011:Q1,260551
      Construction,2011:Q1,528734
      Manufacturing,2011:Q1,1864719
          Durable goods manufacturing,2011:Q1,990682
          Nondurable goods manufacturing,2011:Q1,874037
      Wholesale trade,2011:Q1,886396
      Retail trade,2011:Q1,878657
      Transportation and warehousing,2011:Q1,439807
      Information,2011:Q1,724506
      Finance and insurance,2011:Q1,1029270
      Real estate and rental and leasing,2011:Q1,1961220
"      Professional, scientific, and technical services",2011:Q1,1052980
      Management of companies and enterprises,2011:Q1,281194
      Administrative and support and waste management and remediation services,2011:Q1,450450
      Educational services,2011:Q1,173675
      Health care and social assistance,2011:Q1,1095671
"      Arts, entertainment, and recreation",2011:Q1,146083
      Accommodation and food services,2011:Q1,405407
      Other services (except government and government enterprises),2011:Q1,334637
  Government and government enterprises,2011:Q1,2048675
All industry total,2011:Q2,15349070
  Private industries,2011:Q2,13289142
"      Agriculture, forestry, fishing, and hunting",2011:Q2,192318
"      Mining, quarrying, and oil and gas extraction",2011:Q2,402291
      Utilities,2011:Q2,273680
      Construction,2011:Q2,542614
      Manufacturing,2011:Q2,1899002
          Durable goods manufacturing,2011:Q2,991029
          Nondurable goods manufacturing,2011:Q2,907972
      Wholesale trade,2011:Q2,904575
      Retail trade,2011:Q2,885093
      Transportation and warehousing,2011:Q2,445666
      Information,2011:Q2,731525
      Finance and insurance,2011:Q2,1020119
      Real estate and rental and leasing,2011:Q2,2003067
"      Professional, scientific, and technical services",2011:Q2,1072302
      Management of companies and enterprises,2011:Q2,281589
      Administrative and support and waste management and remediation services,2011:Q2,455285
      Educational services,2011:Q2,174878
      Health care and social assistance,2011:Q2,1108265
"      Arts, entertainment, and recreation",2011:Q2,147471
      Accommodation and food services,2011:Q2,411954
      Other services (except government and government enterprises),2011:Q2,337446
  Government and government enterprises,2011:Q2,2059928
All industry total,2011:Q3,15474084
  Private industries,2011:Q3,13410950
"      Agriculture, forestry, fishing, and hunting",2011:Q3,200378
"      Mining, quarrying, and oil and gas extraction",2011:Q3,402566
      Utilities,2011:Q3,274044
      Construction,2011:Q3,552756
      Manufacturing,2011:Q3,1914398
          Durable goods manufacturing,2011:Q3,1000562
          Nondurable goods manufacturing,2011:Q3,913837
      Wholesale trade,2011:Q3,906655
      Retail trade,2011:Q3,893765
      Transportation and warehousing,2011:Q3,446174
      Information,2011:Q3,726316
      Finance and insurance,2011:Q3,1046999
      Real estate and rental and leasing,2011:Q3,2024485
"      Professional, scientific, and technical services",2011:Q3,1082117
      Management of companies and enterprises,2011:Q3,279664
      Administrative and support and waste management and remediation services,2011:Q3,460538
      Educational services,2011:Q3,176585
      Health care and social assistance,2011:Q3,1117541
"      Arts, entertainment, and recreation",2011:Q3,149890
      Accommodation and food services,2011:Q3,415961
      Other services (except government and government enterprises),2011:Q3,340118
  Government and government enterprises,2011:Q3,2063134
All industry total,2011:Q4,15672175
  Private industries,2011:Q4,13613660
"      Agriculture, forestry, fishing, and hunting",2011:Q4,198324
"      Mining, quarrying, and oil and gas extraction",2011:Q4,421530
      Utilities,2011:Q4,279871
      Construction,2011:Q4,562354
      Manufacturing,2011:Q4,1951132
          Durable goods manufacturing,2011:Q4,1033105
          Nondurable goods manufacturing,2011:Q4,918027
      Wholesale trade,2011:Q4,931402
      Retail trade,2011:Q4,909243
      Transportation and warehousing,2011:Q4,455782
      Information,2011:Q4,731378
      Finance and insurance,2011:Q4,1055718
      Real estate and rental and leasing,2011:Q4,2068841
"      Professional, scientific, and technical services",2011:Q4,1088885
      Management of companies and enterprises,2011:Q4,281731
      Administrative and support and waste management and remediation services,2011:Q4,463791
      Educational services,2011:Q4,176718
      Health care and social assistance,2011:Q4,1124837
"      Arts, entertainment, and recreation",2011:Q4,146483
      Accommodation and food services,2011:Q4,422272
      Other services (except government and government enterprises),2011:Q4,343368
  Government and government enterprises,2011:Q4,2058515
All industry total,2012:Q1,15860001
  Private industries,2012:Q1,13783396
"      Agriculture, forestry, fishing, and hunting",2012:Q1,188993
"      Mining, quarrying, and oil and gas extraction",2012:Q1,417973
      Utilities,2012:Q1,256200
      Construction,2012:Q1,575309
      Manufacturing,2012:Q1,1965656
          Durable goods manufacturing,2012:Q1,1039832
          Nondurable goods manufacturing,2012:Q1,925824
      Wholesale trade,2012:Q1,946058
      Retail trade,2012:Q1,925201
      Transportation and warehousing,2012:Q1,460541
      Information,2012:Q1,729242
      Finance and insurance,2012:Q1,1107933
      Real estate and rental and leasing,2012:Q1,2062848
"      Professional, scientific, and technical services",2012:Q1,1113214
      Management of companies and enterprises,2012:Q1,293832
      Administrative and support and waste management and remediation services,2012:Q1,476085
      Educational services,2012:Q1,181588
      Health care and social assistance,2012:Q1,1144608
"      Arts, entertainment, and recreation",2012:Q1,153790
      Accommodation and food services,2012:Q1,434371
      Other services (except government and government enterprises),2012:Q1,349954
  Government and government enterprises,2012:Q1,2076605
All industry total,2012:Q2,16008016
  Private industries,2012:Q2,13928405
"      Agriculture, forestry, fishing, and hunting",2012:Q2,184405
"      Mining, quarrying, and oil and gas extraction",2012:Q2,403496
      Utilities,2012:Q2,265011
      Construction,2012:Q2,582456
      Manufacturing,2012:Q2,1991351
          Durable goods manufacturing,2012:Q2,1059254
          Nondurable goods manufacturing,2012:Q2,932097
      Wholesale trade,2012:Q2,957977
      Retail trade,2012:Q2,930234
      Transportation and warehousing,2012:Q2,470758
      Information,2012:Q2,748749
      Finance and insurance,2012:Q2,1132746
      Real estate and rental and leasing,2012:Q2,2081344
"      Professional, scientific, and technical services",2012:Q2,1127264
      Management of companies and enterprises,2012:Q2,295678
      Administrative and support and waste management and remediation services,2012:Q2,477763
      Educational services,2012:Q2,182720
      Health care and social assistance,2012:Q2,1148008
"      Arts, entertainment, and recreation",2012:Q2,155853
      Accommodation and food services,2012:Q2,437977
      Other services (except government and government enterprises),2012:Q2,354613
  Government and government enterprises,2012:Q2,2079611
All industry total,2012:Q3,16113941
  Private industries,2012:Q3,14028574
"      Agriculture, forestry, fishing, and hunting",2012:Q3,180226
"      Mining, quarrying, and oil and gas extraction",2012:Q3,403861
      Utilities,2012:Q3,266532
      Construction,2012:Q3,584576
      Manufacturing,2012:Q3,2002608
          Durable goods manufacturing,2012:Q3,1058090
          Nondurable goods manufacturing,2012:Q3,944518
      Wholesale trade,2012:Q3,969546
      Retail trade,2012:Q3,936235
      Transportation and warehousing,2012:Q3,470404
      Information,2012:Q3,743019
      Finance and insurance,2012:Q3,1162030
      Real estate and rental and leasing,2012:Q3,2101894
"      Professional, scientific, and technical services",2012:Q3,1126586
      Management of companies and enterprises,2012:Q3,305067
      Administrative and support and waste management and remediation services,2012:Q3,481647
      Educational services,2012:Q3,183328
      Health care and social assistance,2012:Q3,1155008
"      Arts, entertainment, and recreation",2012:Q3,157796
      Accommodation and food services,2012:Q3,440487
      Other services (except government and government enterprises),2012:Q3,357723
  Government and government enterprises,2012:Q3,2085366
All industry total,2012:Q4,16183016
  Private industries,2012:Q4,14089806
"      Agriculture, forestry, fishing, and hunting",2012:Q4,189574
"      Mining, quarrying, and oil and gas extraction",2012:Q4,418433
      Utilities,2012:Q4,263666
      Construction,2012:Q4,592244
      Manufacturing,2012:Q4,1974955
          Durable goods manufacturing,2012:Q4,1055954
          Nondurable goods manufacturing,2012:Q4,919000
      Wholesale trade,2012:Q4,976520
      Retail trade,2012:Q4,938800
      Transportation and warehousing,2012:Q4,467930
      Information,2012:Q4,728874
      Finance and insurance,2012:Q4,1168026
      Real estate and rental and leasing,2012:Q4,2099118
"      Professional, scientific, and technical services",2012:Q4,1147980
      Management of companies and enterprises,2012:Q4,322548
      Administrative and support and waste management and remediation services,2012:Q4,482707
      Educational services,2012:Q4,184479
      Health care and social assistance,2012:Q4,1167508
"      Arts, entertainment, and recreation",2012:Q4,160571
      Accommodation and food services,2012:Q4,446701
      Other services (except government and government enterprises),2012:Q4,359172
  Government and government enterprises,2012:Q4,2093210
All industry total,2013:Q1,16360908
  Private industries,2013:Q1,14261073
"      Agriculture, forestry, fishing, and hunting",2013:Q1,230408
"      Mining, quarrying, and oil and gas extraction",2013:Q1,430872
      Utilities,2013:Q1,271422
      Construction,2013:Q1,605388
      Manufacturing,2013:Q1,2028157
          Durable goods manufacturing,2013:Q1,1076039
          Nondurable goods manufacturing,2013:Q1,952119
      Wholesale trade,2013:Q1,984906
      Retail trade,2013:Q1,963424
      Transportation and warehousing,2013:Q1,481754
      Information,2013:Q1,782615
      Finance and insurance,2013:Q1,1088400
      Real estate and rental and leasing,2013:Q1,2127499
"      Professional, scientific, and technical services",2013:Q1,1125269
      Management of companies and enterprises,2013:Q1,310367
      Administrative and support and waste management and remediation services,2013:Q1,486531
      Educational services,2013:Q1,182885
      Health care and social assistance,2013:Q1,1182059
"      Arts, entertainment, and recreation",2013:Q1,161724
      Accommodation and food services,2013:Q1,456446
      Other services (except government and government enterprises),2013:Q1,360947
  Government and government enterprises,2013:Q1,2099835
All industry total,2013:Q2,16426749
  Private industries,2013:Q2,14322181
"      Agriculture, forestry, fishing, and hunting",2013:Q2,226443
"      Mining, quarrying, and oil and gas extraction",2013:Q2,446742
      Utilities,2013:Q2,269471
      Construction,2013:Q2,611214
      Manufacturing,2013:Q2,2003840
          Durable goods manufacturing,2013:Q2,1073811
          Nondurable goods manufacturing,2013:Q2,930029
      Wholesale trade,2013:Q2,987875
      Retail trade,2013:Q2,959679
      Transportation and warehousing,2013:Q2,480553
      Information,2013:Q2,787079
      Finance and insurance,2013:Q2,1116483
      Real estate and rental and leasing,2013:Q2,2130391
"      Professional, scientific, and technical services",2013:Q2,1139670
      Management of companies and enterprises,2013:Q2,322260
      Administrative and support and waste management and remediation services,2013:Q2,490222
      Educational services,2013:Q2,184891
      Health care and social assistance,2013:Q2,1182816
"      Arts, entertainment, and recreation",2013:Q2,162491
      Accommodation and food services,2013:Q2,458844
      Other services (except government and government enterprises),2013:Q2,361216
  Government and government enterprises,2013:Q2,2104568
All industry total,2013:Q3,16634711
  Private industries,2013:Q3,14527630
"      Agriculture, forestry, fishing, and hunting",2013:Q3,225678
"      Mining, quarrying, and oil and gas extraction",2013:Q3,468290
      Utilities,2013:Q3,265204
      Construction,2013:Q3,626637
      Manufacturing,2013:Q3,2024396
          Durable goods manufacturing,2013:Q3,1088740
          Nondurable goods manufacturing,2013:Q3,935656
      Wholesale trade,2013:Q3,1008416
      Retail trade,2013:Q3,972139
      Transportation and warehousing,2013:Q3,485976
      Information,2013:Q3,786740
      Finance and insurance,2013:Q3,1140340
      Real estate and rental and leasing,2013:Q3,2173231
"      Professional, scientific, and technical services",2013:Q3,1157246
      Management of companies and enterprises,2013:Q3,326967
      Administrative and support and waste management and remediation services,2013:Q3,498328
      Educational services,2013:Q3,186279
      Health care and social assistance,2013:Q3,1188781
"      Arts, entertainment, and recreation",2013:Q3,164557
      Accommodation and food services,2013:Q3,465035
      Other services (except government and government enterprises),2013:Q3,363390
  Government and government enterprises,2013:Q3,2107081
All industry total,2013:Q4,16884585
  Private industries,2013:Q4,14762978
"      Agriculture, forestry, fishing, and hunting",2013:Q4,204755
"      Mining, quarrying, and oil and gas extraction",2013:Q4,457568
      Utilities,2013:Q4,270558
      Construction,2013:Q4,639880
      Manufacturing,2013:Q4,2084313
          Durable goods manufacturing,2013:Q4,1105434
          Nondurable goods manufacturing,2013:Q4,978880
      Wholesale trade,2013:Q4,1025224
      Retail trade,2013:Q4,979064
      Transportation and warehousing,2013:Q4,500445
      Information,2013:Q4,809550
      Finance and insurance,2013:Q4,1200433
      Real estate and rental and leasing,2013:Q4,2198455
"      Professional, scientific, and technical services",2013:Q4,1170957
      Management of companies and enterprises,2013:Q4,330070
      Administrative and support and waste management and remediation services,2013:Q4,503459
      Educational services,2013:Q4,188368
      Health care and social assistance,2013:Q4,1193540
"      Arts, entertainment, and recreation",2013:Q4,167873
      Accommodation and food services,2013:Q4,470137
      Other services (except government and government enterprises),2013:Q4,368327
  Government and government enterprises,2013:Q4,2121608
All industry total,2014:Q1,16915697
  Private industries,2014:Q1,14775634
"      Agriculture, forestry, fishing, and hunting",2014:Q1,200215
"      Mining, quarrying, and oil and gas extraction",2014:Q1,471041
      Utilities,2014:Q1,283248
      Construction,2014:Q1,653534
      Manufacturing,2014:Q1,2056064
          Durable goods manufacturing,2014:Q1,1096694
          Nondurable goods manufacturing,2014:Q1,959369
      Wholesale trade,2014:Q1,1020200
      Retail trade,2014:Q1,975857
      Transportation and warehousing,2014:Q1,494369
      Information,2014:Q1,786400
      Finance and insurance,2014:Q1,1205553
      Real estate and rental and leasing,2014:Q1,2206160
"      Professional, scientific, and technical services",2014:Q1,1173934
      Management of companies and enterprises,2014:Q1,332110
      Administrative and support and waste management and remediation services,2014:Q1,508958
      Educational services,2014:Q1,190148
      Health care and social assistance,2014:Q1,1200151
"      Arts, entertainment, and recreation",2014:Q1,171391
      Accommodation and food services,2014:Q1,474393
      Other services (except government and government enterprises),2014:Q1,371909
  Government and government enterprises,2014:Q1,2140062
All industry total,2014:Q2,17205444
  Private industries,2014:Q2,15051764
"      Agriculture, forestry, fishing, and hunting",2014:Q2,215163
"      Mining, quarrying, and oil and gas extraction",2014:Q2,494104
      Utilities,2014:Q2,277490
      Construction,2014:Q2,665699
      Manufacturing,2014:Q2,2098598
          Durable goods manufacturing,2014:Q2,1114315
          Nondurable goods manufacturing,2014:Q2,984283
      Wholesale trade,2014:Q2,1042626
      Retail trade,2014:Q2,995088
      Transportation and warehousing,2014:Q2,509535
      Information,2014:Q2,787236
      Finance and insurance,2014:Q2,1247391
      Real estate and rental and leasing,2014:Q2,2238522
"      Professional, scientific, and technical services",2014:Q2,1189549
      Management of companies and enterprises,2014:Q2,329892
      Administrative and support and waste management and remediation services,2014:Q2,518275
      Educational services,2014:Q2,190702
      Health care and social assistance,2014:Q2,1211498
"      Arts, entertainment, and recreation",2014:Q2,174024
      Accommodation and food services,2014:Q2,486441
      Other services (except government and government enterprises),2014:Q2,379930
  Government and government enterprises,2014:Q2,2153680
All industry total,2014:Q3,17506998
  Private industries,2014:Q3,15336910
"      Agriculture, forestry, fishing, and hunting",2014:Q3,199622
"      Mining, quarrying, and oil and gas extraction",2014:Q3,498677
      Utilities,2014:Q3,280637
      Construction,2014:Q3,680551
      Manufacturing,2014:Q3,2149520
          Durable goods manufacturing,2014:Q3,1148164
          Nondurable goods manufacturing,2014:Q3,1001356
      Wholesale trade,2014:Q3,1072936
      Retail trade,2014:Q3,1013426
      Transportation and warehousing,2014:Q3,522808
      Information,2014:Q3,793592
      Finance and insurance,2014:Q3,1264687
      Real estate and rental and leasing,2014:Q3,2277580
"      Professional, scientific, and technical services",2014:Q3,1226065
      Management of companies and enterprises,2014:Q3,339421
      Administrative and support and waste management and remediation services,2014:Q3,527248
      Educational services,2014:Q3,191866
      Health care and social assistance,2014:Q3,1233208
"      Arts, entertainment, and recreation",2014:Q3,177382
      Accommodation and food services,2014:Q3,498590
      Other services (except government and government enterprises),2014:Q3,389095
  Government and government enterprises,2014:Q3,2170087
All industry total,2014:Q4,17621095
  Private industries,2014:Q4,15434178
"      Agriculture, forestry, fishing, and hunting",2014:Q4,202614
"      Mining, quarrying, and oil and gas extraction",2014:Q4,458533
      Utilities,2014:Q4,280942
      Construction,2014:Q4,697930
      Manufacturing,2014:Q4,2141808
          Durable goods manufacturing,2014:Q4,1150705
          Nondurable goods manufacturing,2014:Q4,991103
      Wholesale trade,2014:Q4,1082289
      Retail trade,2014:Q4,1026694
      Transportation and warehousing,2014:Q4,529454
      Information,2014:Q4,799264
      Finance and insurance,2014:Q4,1290336
      Real estate and rental and leasing,2014:Q4,2291396
"      Professional, scientific, and technical services",2014:Q4,1238200
      Management of companies and enterprises,2014:Q4,346589
      Administrative and support and waste management and remediation services,2014:Q4,533672
      Educational services,2014:Q4,193492
      Health care and social assistance,2014:Q4,1245779
"      Arts, entertainment, and recreation",2014:Q4,177581
      Accommodation and food services,2014:Q4,505680
      Other services (except government and government enterprises),2014:Q4,391924
  Government and government enterprises,2014:Q4,2186917
All industry total,2015:Q1,17760558
  Private industries,2015:Q1,15557407
"      Agriculture, forestry, fishing, and hunting",2015:Q1,180972
"      Mining, quarrying, and oil and gas extraction",2015:Q1,355888
      Utilities,2015:Q1,284238
      Construction,2015:Q1,710146
      Manufacturing,2015:Q1,2166533
          Durable goods manufacturing,2015:Q1,1166196
          Nondurable goods manufacturing,2015:Q1,1000338
      Wholesale trade,2015:Q1,1091336
      Retail trade,2015:Q1,1033912
      Transportation and warehousing,2015:Q1,538635
      Information,2015:Q1,831131
      Finance and insurance,2015:Q1,1344911
      Real estate and rental and leasing,2015:Q1,2320798
"      Professional, scientific, and technical services",2015:Q1,1265239
      Management of companies and enterprises,2015:Q1,353785
      Administrative and support and waste management and remediation services,2015:Q1,536966
      Educational services,2015:Q1,195953
      Health care and social assistance,2015:Q1,1259462
"      Arts, entertainment, and recreation",2015:Q1,177717
      Accommodation and food services,2015:Q1,515501
      Other services (except government and government enterprises),2015:Q1,394280
  Government and government enterprises,2015:Q1,2203151
All industry total,2015:Q2,17979521
  Private industries,2015:Q2,15757215
"      Agriculture, forestry, fishing, and hunting",2015:Q2,183317
"      Mining, quarrying, and oil and gas extraction",2015:Q2,358876
      Utilities,2015:Q2,280982
      Construction,2015:Q2,733645
      Manufacturing,2015:Q2,2179869
          Durable goods manufacturing,2015:Q2,1168636
          Nondurable goods manufacturing,2015:Q2,1011233
      Wholesale trade,2015:Q2,1100274
      Retail trade,2015:Q2,1049676
      Transportation and warehousing,2015:Q2,541901
      Information,2015:Q2,852077
      Finance and insurance,2015:Q2,1390679
      Real estate and rental and leasing,2015:Q2,2339929
"      Professional, scientific, and technical services",2015:Q2,1276868
      Management of companies and enterprises,2015:Q2,352513
      Administrative and support and waste management and remediation services,2015:Q2,541398
      Educational services,2015:Q2,197786
      Health care and social assistance,2015:Q2,1273789
"      Arts, entertainment, and recreation",2015:Q2,179428
      Accommodation and food services,2015:Q2,524916
      Other services (except government and government enterprises),2015:Q2,399291
  Government and government enterprises,2015:Q2,2222306
All industry total,2015:Q3,18114487
  Private industries,2015:Q3,15875511
"      Agriculture, forestry, fishing, and hunting",2015:Q3,192576
"      Mining, quarrying, and oil and gas extraction",2015:Q3,319596
      Utilities,2015:Q3,287131
      Construction,2015:Q3,753246
      Manufacturing,2015:Q3,2207315
          Durable goods manufacturing,2015:Q3,1173400
          Nondurable goods manufacturing,2015:Q3,1033915
      Wholesale trade,2015:Q3,1098476
      Retail trade,2015:Q3,1070008
      Transportation and warehousing,2015:Q3,550304
      Information,2015:Q3,873310
      Finance and insurance,2015:Q3,1351251
      Real estate and rental and leasing,2015:Q3,2373376
"      Professional, scientific, and technical services",2015:Q3,1289680
      Management of companies and enterprises,2015:Q3,351976
      Administrative and support and waste management and remediation services,2015:Q3,547413
      Educational services,2015:Q3,199928
      Health care and social assistance,2015:Q3,1293643
"      Arts, entertainment, and recreation",2015:Q3,180281
      Accommodation and food services,2015:Q3,533890
      Other services (except government and government enterprises),2015:Q3,402110
  Government and government enterprises,2015:Q3,2238977
All industry total,2015:Q4,18174262
  Private industries,2015:Q4,15914970
"      Agriculture, forestry, fishing, and hunting",2015:Q4,182296
"      Mining, quarrying, and oil and gas extraction",2015:Q4,276162
      Utilities,2015:Q4,279281
      Construction,2015:Q4,762617
      Manufacturing,2015:Q4,2186218
          Durable goods manufacturing,2015:Q4,1180105
          Nondurable goods manufacturing,2015:Q4,1006113
      Wholesale trade,2015:Q4,1101325
      Retail trade,2015:Q4,1077718
      Transportation and warehousing,2015:Q4,554116
      Information,2015:Q4,891506
      Finance and insurance,2015:Q4,1340521
      Real estate and rental and leasing,2015:Q4,2395684
"      Professional, scientific, and technical services",2015:Q4,1298510
      Management of companies and enterprises,2015:Q4,356852
      Administrative and support and waste management and remediation services,2015:Q4,556511
      Educational services,2015:Q4,202380
      Health care and social assistance,2015:Q4,1319476
"      Arts, entertainment, and recreation",2015:Q4,183203
      Accommodation and food services,2015:Q4,544062
      Other services (except government and government enterprises),2015:Q4,406531
  Government and government enterprises,2015:Q4,2259292
All industry total,2016:Q1,18213023
  Private industries,2016:Q1,15946465
"      Agriculture, forestry, fishing, and hunting",2016:Q1,180484
"      Mining, quarrying, and oil and gas extraction",2016:Q1,234551
      Utilities,2016:Q1,281901
      Construction,2016:Q1,783722
      Manufacturing,2016:Q1,2166369
          Durable goods manufacturing,2016:Q1,1168178
          Nondurable goods manufacturing,2016:Q1,998191
      Wholesale trade,2016:Q1,1094634
      Retail trade,2016:Q1,1086177
      Transportation and warehousing,2016:Q1,557036
      Information,2016:Q1,903590
      Finance and insurance,2016:Q1,1329065
      Real estate and rental and leasing,2016:Q1,2435739
"      Professional, scientific, and technical services",2016:Q1,1309981
      Management of companies and enterprises,2016:Q1,350880
      Administrative and support and waste management and remediation services,2016:Q1,557664
      Educational services,2016:Q1,203702
      Health care and social assistance,2016:Q1,1323067
"      Arts, entertainment, and recreation",2016:Q1,187658
      Accommodation and food services,2016:Q1,549535
      Other services (except government and government enterprises),2016:Q1,410707
  Government and government enterprises,2016:Q1,2266559
All industry total,2016:Q2,18425046
  Private industries,2016:Q2,16143274
"      Agriculture, forestry, fishing, and hunting",2016:Q2,182065
"      Mining, quarrying, and oil and gas extraction",2016:Q2,254650
      Utilities,2016:Q2,282576
      Construction,2016:Q2,785707
      Manufacturing,2016:Q2,2183557
          Durable goods manufacturing,2016:Q2,1174634
          Nondurable goods manufacturing,2016:Q2,1008923
      Wholesale trade,2016:Q2,1097557
      Retail trade,2016:Q2,1094315
      Transportation and warehousing,2016:Q2,559816
      Information,2016:Q2,895718
      Finance and insurance,2016:Q2,1382283
      Real estate and rental and leasing,2016:Q2,2466371
"      Professional, scientific, and technical services",2016:Q2,1321992
      Management of companies and enterprises,2016:Q2,360213
      Administrative and support and waste management and remediation services,2016:Q2,564104
      Educational services,2016:Q2,205762
      Health care and social assistance,2016:Q2,1348672
"      Arts, entertainment, and recreation",2016:Q2,189339
      Accommodation and food services,2016:Q2,555552
      Other services (except government and government enterprises),2016:Q2,413024
  Government and government enterprises,2016:Q2,2281772
All industry total,2016:Q3,18614158
  Private industries,2016:Q3,16319437
"      Agriculture, forestry, fishing, and hunting",2016:Q3,175609
"      Mining, quarrying, and oil and gas extraction",2016:Q3,265217
      Utilities,2016:Q3,290893
      Construction,2016:Q3,794974
      Manufacturing,2016:Q3,2187037
          Durable goods manufacturing,2016:Q3,1181472
          Nondurable goods manufacturing,2016:Q3,1005565
      Wholesale trade,2016:Q3,1106168
      Retail trade,2016:Q3,1100374
      Transportation and warehousing,2016:Q3,563802
      Information,2016:Q3,903921
      Finance and insurance,2016:Q3,1434311
      Real estate and rental and leasing,2016:Q3,2486991
"      Professional, scientific, and technical services",2016:Q3,1332319
      Management of companies and enterprises,2016:Q3,361676
      Administrative and support and waste management and remediation services,2016:Q3,571656
      Educational services,2016:Q3,207652
      Health care and social assistance,2016:Q3,1360436
"      Arts, entertainment, and recreation",2016:Q3,194531
      Accommodation and food services,2016:Q3,563510
      Other services (except government and government enterprises),2016:Q3,418360
  Government and government enterprises,2016:Q3,2294722
All industry total,2016:Q4,18787774
  Private industries,2016:Q4,16489416
"      Agriculture, forestry, fishing, and hunting",2016:Q4,172160
"      Mining, quarrying, and oil and gas extraction",2016:Q4,287953
      Utilities,2016:Q4,292984
      Construction,2016:Q4,805630
      Manufacturing,2016:Q4,2194847
          Durable goods manufacturing,2016:Q4,1187159
          Nondurable goods manufacturing,2016:Q4,1007688
      Wholesale trade,2016:Q4,1112213
      Retail trade,2016:Q4,1106566
      Transportation and warehousing,2016:Q4,569461
      Information,2016:Q4,912748
      Finance and insurance,2016:Q4,1474051
      Real estate and rental and leasing,2016:Q4,2526208
"      Professional, scientific, and technical services",2016:Q4,1340720
      Management of companies and enterprises,2016:Q4,359520
      Administrative and support and waste management and remediation services,2016:Q4,575990
      Educational services,2016:Q4,208253
      Health care and social assistance,2016:Q4,1365015
"      Arts, entertainment, and recreation",2016:Q4,196115
      Accommodation and food services,2016:Q4,568352
      Other services (except government and government enterprises),2016:Q4,420628
  Government and government enterprises,2016:Q4,2298358
All industry total,2017:Q1,18934863
  Private industries,2017:Q1,16614453
"      Agriculture, forestry, fishing, and hunting",2017:Q1,179022
"      Mining, quarrying, and oil and gas extraction",2017:Q1,311079
      Utilities,2017:Q1,288993
      Construction,2017:Q1,815191
      Manufacturing,2017:Q1,2206255
          Durable goods manufacturing,2017:Q1,1196403
          Nondurable goods manufacturing,2017:Q1,1009852
      Wholesale trade,2017:Q1,1125420
      Retail trade,2017:Q1,1118282
      Transportation and warehousing,2017:Q1,576277
      Information,2017:Q1,913547
      Finance and insurance,2017:Q1,1437311
      Real estate and rental and leasing,2017:Q1,2550798
"      Professional, scientific, and technical services",2017:Q1,1351395
      Management of companies and enterprises,2017:Q1,364818
      Administrative and support and waste management and remediation services,2017:Q1,586960
      Educational services,2017:Q1,210675
      Health care and social assistance,2017:Q1,1384443
"      Arts, entertainment, and recreation",2017:Q1,196726
      Accommodation and food services,2017:Q1,572824
      Other services (except government and government enterprises),2017:Q1,424436
  Government and government enterprises,2017:Q1,2320410
All industry total,2017:Q2,19123619
  Private industries,2017:Q2,16792558
"      Agriculture, forestry, fishing, and hunting",2017:Q2,174483
"      Mining, quarrying, and oil and gas extraction",2017:Q2,321200
      Utilities,2017:Q2,296627
      Construction,2017:Q2,818560
      Manufacturing,2017:Q2,2218594
          Durable goods manufacturing,2017:Q2,1204845
          Nondurable goods manufacturing,2017:Q2,1013749
      Wholesale trade,2017:Q2,1143928
      Retail trade,2017:Q2,1132346
      Transportation and warehousing,2017:Q2,588180
      Information,2017:Q2,927808
      Finance and insurance,2017:Q2,1418643
      Real estate and rental and leasing,2017:Q2,2584162
"      Professional, scientific, and technical services",2017:Q2,1369898
      Management of companies and enterprises,2017:Q2,369195
      Administrative and support and waste management and remediation services,2017:Q2,602463
      Educational services,2017:Q2,210624
      Health care and social assistance,2017:Q2,1403459
"      Arts, entertainment, and recreation",2017:Q2,201458
      Accommodation and food services,2017:Q2,580725
      Other services (except government and government enterprises),2017:Q2,430206
  Government and government enterprises,2017:Q2,2331060
All industry total,2017:Q3,19371498
  Private industries,2017:Q3,17027498
"      Agriculture, forestry, fishing, and hunting",2017:Q3,171161
"      Mining, quarrying, and oil and gas extraction",2017:Q3,326009
      Utilities,2017:Q3,294280
      Construction,2017:Q3,827505
      Manufacturing,2017:Q3,2252046
          Durable goods manufacturing,2017:Q3,1224433
          Nondurable goods manufacturing,2017:Q3,1027613
      Wholesale trade,2017:Q3,1161924
      Retail trade,2017:Q3,1141347
      Transportation and warehousing,2017:Q3,591437
      Information,2017:Q3,941475
      Finance and insurance,2017:Q3,1478916
      Real estate and rental and leasing,2017:Q3,2613383
"      Professional, scientific, and technical services",2017:Q3,1381769
      Management of companies and enterprises,2017:Q3,372364
      Administrative and support and waste management and remediation services,2017:Q3,610847
      Educational services,2017:Q3,213463
      Health care and social assistance,2017:Q3,1424306
"      Arts, entertainment, and recreation",2017:Q3,203876
      Accommodation and food services,2017:Q3,585415
      Other services (except government and government enterprises),2017:Q3,435974
  Government and government enterprises,2017:Q3,2344000
All industry total,2017:Q4,19623421
  Private industries,2017:Q4,17269235
"      Agriculture, forestry, fishing, and hunting",2017:Q4,169114
"      Mining, quarrying, and oil and gas extraction",2017:Q4,361468
      Utilities,2017:Q4,300116
      Construction,2017:Q4,843328
      Manufacturing,2017:Q4,2300209
          Durable goods manufacturing,2017:Q4,1242756
          Nondurable goods manufacturing,2017:Q4,1057452
      Wholesale trade,2017:Q4,1183053
      Retail trade,2017:Q4,1156059
      Transportation and warehousing,2017:Q4,600246
      Information,2017:Q4,944674
      Finance and insurance,2017:Q4,1481078
      Real estate and rental and leasing,2017:Q4,2647153
"      Professional, scientific, and technical services",2017:Q4,1396381
      Management of companies and enterprises,2017:Q4,377809
      Administrative and support and waste management and remediation services,2017:Q4,617603
      Educational services,2017:Q4,214788
      Health care and social assistance,2017:Q4,1438260
"      Arts, entertainment, and recreation",2017:Q4,202781
      Accommodation and food services,2017:Q4,591878
      Other services (except government and government enterprises),2017:Q4,443237
  Government and government enterprises,2017:Q4,2354187
All industry total,2018:Q1,19828567
  Private industries,2018:Q1,17459099
"      Agriculture, forestry, fishing, and hunting",2018:Q1,170127
"      Mining, quarrying, and oil and gas extraction",2018:Q1,368707
      Utilities,2018:Q1,302980
      Construction,2018:Q1,859200
      Manufacturing,2018:Q1,2330239
          Durable goods manufacturing,2018:Q1,1255705
          Nondurable goods manufacturing,2018:Q1,1074535
      Wholesale trade,2018:Q1,1184779
      Retail trade,2018:Q1,1169063
      Transportation and warehousing,2018:Q1,607884
      Information,2018:Q1,955366
      Finance and insurance,2018:Q1,1506756
      Real estate and rental and leasing,2018:Q1,2678901
"      Professional, scientific, and technical services",2018:Q1,1408788
      Management of companies and enterprises,2018:Q1,380768
      Administrative and support and waste management and remediation services,2018:Q1,621705
      Educational services,2018:Q1,216637
      Health care and social assistance,2018:Q1,1453830
"      Arts, entertainment, and recreation",2018:Q1,202138
      Accommodation and food services,2018:Q1,599071
      Other services (except government and government enterprises),2018:Q1,442159
  Government and government enterprises,2018:Q1,2369467
